Timestamp,Planner_ID,Material_ID,Comment,Stockout,Date,Time,Cleaned_Comment,Root_Cause
2026-09-01 08:30:00,Planner_1,MAT_100,"Retard du fournisseur XYZ pour le matériau MAT_100, livraison prévue le 05/09",True,2026-09-01,08:30:00,Retard fournisseur xyz matériau MAT_100 livraison prévue 05/09,Unknown
2026-09-01 10:15:00,Planner_2,MAT_200,Problème de qualité détecté sur le lot 123 du matériau MAT_200,True,2026-09-01,10:15:00,problème qualité détecter lot 123 matériau MAT_200,Unknown
2026-09-01 14:45:00,Planner_1,MAT_100,Rupture de stock due à une erreur de commande,True,2026-09-01,14:45:00,rupture stock devoir erreur commande,Unknown
2026-09-02 09:00:00,Planner_3,MAT_300,Fournisseur ABC a confirmé un retard de 2 jours pour MAT_300,True,2026-09-02,09:00:00,fournisseur ABC confirmer retard 2 jour MAT_300,Unknown
2026-09-02 11:20:00,Planner_2,MAT_200,"Stock suffisant pour MAT_200, pas de problème",False,2026-09-02,11:20:00,Stock MAT_200 problème,Unknown
2026-09-02 15:30:00,Planner_4,MAT_400,Retard logistique interne pour MAT_400,True,2026-09-02,15:30:00,Retard logistique interne MAT_400,Unknown
2026-09-03 10:00:00,Planner_1,MAT_100,Commande urgente passée pour MAT_100,False,2026-09-03,10:00:00,Commande urgent passer MAT_100,Unknown
2026-09-03 13:45:00,Planner_3,MAT_300,"Problème résolu pour MAT_300, livraison reçue",False,2026-09-03,13:45:00,problème résoudre MAT_300 livraison recevoir,Unknown
2026-09-04 08:20:00,Planner_2,MAT_200,Nouveau retard du fournisseur XYZ pour MAT_200,True,2026-09-04,08:20:00,retard fournisseur xyz MAT_200,Unknown
2026-09-04 16:10:00,Planner_5,MAT_500,Rupture de stock due à une demande imprévue pour MAT_500,True,2026-09-04,16:10:00,rupture stock devoir demande imprévu mat_500,demande imprévue
